{"cameraMode":{"drawMode":0,"name":"Shaded","section":"Shading Mode"},"sceneLighting":true,"audioPlay":false,"sceneViewState":{"showFog":false,"showMaterialUpdate":false,"showSkybox":false,"showFlares":false,"showImageEffects":false,"showParticleSystems":false,"showVisualEffectGraphs":true,"m_FxEnabled":true},"in2DMode":false,"pivot":{"x":-2.2480316162109377,"y":0.008955001831054688,"z":2.621004819869995},"rotation":{"x":0.16243644058704377,"y":-0.39051347970962527,"z":0.07021338492631912,"w":0.9034312963485718},"size":3.611088991165161,"orthographic":false}